,metadata,status,type,message,role,id,date_created,date_modified
0,"{'warnings': {}, 'responses': [], 'selected_response_index': 0, 'tokens': None, 'template': {'title': 'Basic/Prompt', 'content': '{instruction}{prompt[message]}', 'memor_version': '1.0', 'custom_map': {'instruction': ''}, 'date_created': '2025-12-09 21:42:46 +0000', 'date_modified': '2025-12-09 21:42:46 +0000'}, 'memor_version': '1.0'}",True,Prompt,You are a helpful assistant. Provide concise and accurate answers.,system,e14242f0-8e75-4bfe-a7f2-5da2926e8b9c,2025-12-09 21:42:47 +0000,2025-12-09 21:42:47 +0000
1,"{'warnings': {}, 'responses': [], 'selected_response_index': 0, 'tokens': None, 'template': {'title': 'Basic/Prompt', 'content': '{instruction}{prompt[message]}', 'memor_version': '1.0', 'custom_map': {'instruction': ''}, 'date_created': '2025-12-09 21:42:46 +0000', 'date_modified': '2025-12-09 21:42:46 +0000'}, 'memor_version': '1.0'}",True,Prompt,"Hey, I need help planning my 3-month Europe trip. I'll be visiting France, Italy, and Germany.",user,1f2ccf6e-ffb9-4d82-9101-94779e20bbbc,2025-12-09 21:42:47 +0000,2025-12-09 21:42:47 +0000
2,"{'warnings': {}, 'score': None, 'temperature': None, 'top_k': None, 'tokens': None, 'inference_time': None, 'top_p': None, 'model': 'unknown', 'gpu': None, 'memor_version': '1.0'}",True,Response,"Great! Here’s a concise 3-month itinerary for France, Italy, and Germany:

### **Month 1: France**
- **Week 1-2: Paris** (Eiffel Tower, Louvre, Montmartre, day trips to Versailles/Giverny)
- **Week 3: Loire Valley & Bordeaux** (châteaux, wine tours)
- **Week 4: Provence & French Riviera** (Avignon, Aix-en-Provence, Nice, Cannes)

### **Month 2: Italy**
- **Week 1: Rome** (Colosseum, Vatican, Trevi Fountain)
- **Week 2: Florence & Tuscany** (Uffizi, Duomo, Chianti wine region)
- **Week 3: Venice & Verona** (canals, gondolas, Romeo & Juliet’s balcony)
- **Week 4: Amalfi Coast & Naples** (Positano, Pompeii, Capri)

### **Month 3: Germany**
- **Week 1: Munich & Bavaria** (Neuschwanstein Castle, Oktoberfest if timing aligns)
- **Week 2: Berlin** (Brandenburg Gate, Berlin Wall, museums)
- **Week 3: Rhine Valley & Frankfurt** (castles, wine villages)
- **Week 4: Hamburg & Northern Germany** (port city, maritime history)

### **Tips:**
- **Transport:** Use trains (Eurail Pass) or budget flights for long distances.
- **Budget:** ~€1,500–€2,500/month (hostels, mid-range meals).
- **Book in advance:** Popular attractions (Louvre, Colosseum, Neuschwanstein).

Need adjustments (more cities, slower pace, budget tweaks)? Let me know!",assistant,dede1b48-0521-4801-82a7-2e2e3fab64b1,2025-12-09 21:42:46 +0000,2025-12-09 21:42:55 +0000
3,"{'warnings': {}, 'responses': [], 'selected_response_index': 0, 'tokens': None, 'template': {'title': 'Basic/Prompt', 'content': '{instruction}{prompt[message]}', 'memor_version': '1.0', 'custom_map': {'instruction': ''}, 'date_created': '2025-12-09 21:42:46 +0000', 'date_modified': '2025-12-09 21:42:46 +0000'}, 'memor_version': '1.0'}",True,Prompt,"My budget is around $7,200. I'm trying to keep track of flight costs, hotels, and food.",user,236e9ebe-9eb9-478d-b508-3632856a8596,2025-12-09 21:42:55 +0000,2025-12-09 21:42:55 +0000
4,"{'warnings': {}, 'score': None, 'temperature': None, 'top_k': None, 'tokens': None, 'inference_time': None, 'top_p': None, 'model': 'unknown', 'gpu': None, 'memor_version': '1.0'}",True,Response,"With a **$7,200 budget** for 3 months (~$2,400/month), here’s a breakdown for **France, Italy, and Germany**:

---

### **Estimated Costs**
| Category       | Budget (USD) | Notes |
|---------------|------------|-------|
| **Flights**   | $800–$1,200 | Round-trip to Europe + intra-Europe flights (book early for deals). |
| **Accommodation** | $2,700 | ~$30/night (hostels, budget hotels, Airbnb). |
| **Food**      | $1,500 | ~$17/day (street food, grocery stores, occasional restaurants). |
| **Transport** | $900 | Eurail Pass (~$600) + local transit (~$300). |
| **Attractions** | $600 | Museums, tours, entry fees (~$200/month). |
| **Miscellaneous** | $300 | SIM card, souvenirs, emergencies. |
| **Total**     | **$6,800–$7,200** | Leaves room for flexibility. |

---

### **Money-Saving Tips**
1. **Flights:**
   - Use Skyscanner/Kayak for deals.
   - Fly mid-week (Tues/Wed) for cheaper fares.
   - Consider budget airlines (Ryanair, EasyJet) for intra-Europe flights.

2. **Accommodation:**
   - Hostels (~$25–$40/night) or budget hotels (~$50–$70/night).
   - Airbnb for weekly stays (often cheaper than hotels).
   - Couchsurfing (free, but requires planning).

3. **Food:**
   - Cook simple meals (pasta, sandwiches).
   - Eat at markets (e.g., Marché des Enfants Rouges in Paris).
   - Avoid touristy restaurants near major attractions.

4. **Transport:**
   - Eurail Pass (if taking 4+ long-distance trains).
   - Walk or bike in cities (cheaper than taxis/metro).
   - Overnight buses/trains (save on accommodation).

5. **Attractions:**
   - Free entry days (e.g., first Sunday of the month for some museums).
   - City passes (e.g., Paris Museum Pass) if visiting many sites.

---

### **Sample Daily Budget**
- **Accommodation:** $30
- **Food:** $17 (breakfast: $5, lunch: $7, dinner: $5)
- **Transport:** $10 (local transit, occasional train)
- **Attractions:** $7
- **Total:** **$64/day**

---

### **Tools to Track Spending**
- **Apps:** Trail Wallet, Mint, or a simple spreadsheet.
- **Currency:** Use Revolut/Wise for low-fee currency exchange.

Would you like help finding specific deals (e.g., hostels, flights)?",assistant,c56d2b4b-8556-4a3c-88e5-aab020987099,2025-12-09 21:42:46 +0000,2025-12-09 21:43:10 +0000
5,"{'warnings': {}, 'responses': [], 'selected_response_index': 0, 'tokens': None, 'template': {'title': 'Basic/Prompt', 'content': '{instruction}{prompt[message]}', 'memor_version': '1.0', 'custom_map': {'instruction': ''}, 'date_created': '2025-12-09 21:42:46 +0000', 'date_modified': '2025-12-09 21:42:46 +0000'}, 'memor_version': '1.0'}",True,Prompt,Also here is my email just in case: personal.email@example.com,user,684f889f-0825-477a-9265-1a50ed0e0e92,2025-12-09 21:43:10 +0000,2025-12-09 21:43:10 +0000
6,"{'warnings': {}, 'score': None, 'temperature': None, 'top_k': None, 'tokens': None, 'inference_time': None, 'top_p': None, 'model': 'unknown', 'gpu': None, 'memor_version': '1.0'}",True,Response,"Thanks! I’ll keep your email on file for follow-ups, but I won’t store it permanently. Here’s a quick recap of your trip planning:

### **Key Next Steps**
1. **Book flights** (use Skyscanner/Kayak for alerts).
2. **Outline a rough itinerary** (cities/dates) to estimate train costs.
3. **Research hostels/Airbnbs** (Hostelworld, Booking.com).
4. **Set up a budget tracker** (e.g., Trail Wallet).

### **Example Flight Search**
- **Round-trip to Europe:** ~$600–$900 (off-peak seasons like Sept–Oct or April–May).
- **Intra-Europe flights:** ~$50–$150 (Ryanair/EasyJet).

Need help with specific bookings or itinerary tweaks? Let me know! Otherwise, safe travels—you’re all set for an amazing trip. 🌍✈️",assistant,5c77a465-4081-42a5-bc00-e88dc4809526,2025-12-09 21:42:46 +0000,2025-12-09 21:43:15 +0000
7,"{'warnings': {}, 'responses': [], 'selected_response_index': 0, 'tokens': None, 'template': {'title': 'Basic/Prompt', 'content': '{instruction}{prompt[message]}', 'memor_version': '1.0', 'custom_map': {'instruction': ''}, 'date_created': '2025-12-09 21:42:46 +0000', 'date_modified': '2025-12-09 21:42:46 +0000'}, 'memor_version': '1.0'}",True,Prompt,I'm thinking of booking a multi-city flight. Found one for $1240 on Lufthansa.,user,fd11ba19-fa03-4bd5-81ef-b8398136cb34,2025-12-09 21:43:15 +0000,2025-12-09 21:43:15 +0000
8,"{'warnings': {}, 'score': None, 'temperature': None, 'top_k': None, 'tokens': None, 'inference_time': None, 'top_p': None, 'model': 'unknown', 'gpu': None, 'memor_version': '1.0'}",True,Response,"A **$1,240 multi-city flight** on Lufthansa is a **great deal** if it fits your route! Here’s how to evaluate it:

### **Pros of This Flight**
✅ **Saves time/money** (no separate intra-Europe flights).
✅ **Reliable airline** (Lufthansa has good service).
✅ **Likely includes checked baggage** (budget airlines charge extra).

### **Check Before Booking**
1. **Route:** Does it match your itinerary (e.g., *US → Paris → Rome → Munich → US*)?
2. **Layovers:** Are they reasonable (1–3 hours) or exhausting (5+ hours)?
3. **Baggage:** Confirm included allowance (Lufthansa usually allows 1 checked bag).
4. **Dates:** Flexible? Use Google Flights’ ""Date Grid"" to compare cheaper days.

### **Alternatives**
- **Budget airlines** (e.g., *US → Paris on TAP Air, Rome → Munich on Ryanair*): Could be cheaper (~$800–$1,000 total) but with fewer perks.
- **Open-jaw ticket** (e.g., *fly into Paris, out of Munich*): Sometimes cheaper than multi-city.

### **Verdict**
If the route fits and layovers are manageable, **book it**—$1,240 is a solid price for a 3-month trip.

Want help comparing other options? Share the exact route/dates!",assistant,b36d78ee-2a72-4361-90ea-25b2fb408d57,2025-12-09 21:42:46 +0000,2025-12-09 21:43:25 +0000
9,"{'warnings': {}, 'responses': [], 'selected_response_index': 0, 'tokens': None, 'template': {'title': 'Basic/Prompt', 'content': '{instruction}{prompt[message]}', 'memor_version': '1.0', 'custom_map': {'instruction': ''}, 'date_created': '2025-12-09 21:42:46 +0000', 'date_modified': '2025-12-09 21:42:46 +0000'}, 'memor_version': '1.0'}",True,Prompt,Here's a chunk of my notes: lorem ipsum lorem ipsum lorem ipsum lorem ipsum lorem ipsum lorem ipsum lorem ipsum lorem ipsum lorem ipsum lorem ipsum lorem ipsum lorem ipsum lorem ipsum lorem ipsum lorem ipsum lorem ipsum lorem ipsum lorem ipsum lorem ipsum lorem ipsum lorem ipsum lorem ipsum lorem ipsum lorem ipsum lorem ipsum lorem ipsum lorem ipsum lorem ipsum lorem ipsum lorem ipsum lorem ipsum lorem ipsum lorem ipsum lorem ipsum lorem ipsum lorem ipsum lorem ipsum lorem ipsum lorem ipsum lorem ipsum lorem ipsum lorem ipsum lorem ipsum lorem ipsum lorem ipsum lorem ipsum lorem ipsum lorem ipsum lorem ipsum lorem ipsum lorem ipsum lorem ipsum lorem ipsum lorem ipsum lorem ipsum lorem ipsum lorem ipsum lorem ipsum lorem ipsum lorem ipsum lorem ipsum lorem ipsum lorem ipsum lorem ipsum lorem ipsum lorem ipsum lorem ipsum lorem ipsum lorem ipsum lorem ipsum lorem ipsum lorem ipsum lorem ipsum lorem ipsum lorem ipsum lorem ipsum lorem ipsum lorem ipsum lorem ipsum lorem ipsum lorem ipsum lorem ipsum lorem ipsum lorem ipsum lorem ipsum lorem ipsum lorem ipsum lorem ipsum lorem ipsum lorem ipsum lorem ipsum lorem ipsum lorem ipsum lorem ipsum lorem ipsum lorem ipsum lorem ipsum lorem ipsum lorem ipsum lorem ipsum lorem ipsum lorem ipsum lorem ipsum lorem ipsum lorem ipsum lorem ipsum lorem ipsum lorem ipsum lorem ipsum lorem ipsum lorem ipsum lorem ipsum lorem ipsum lorem ipsum lorem ipsum lorem ipsum lorem ipsum lorem ipsum lorem ipsum lorem ipsum lorem ipsum lorem ipsum lorem ipsum lorem ipsum lorem ipsum lorem ipsum lorem ipsum lorem ipsum lorem ipsum lorem ipsum lorem ipsum lorem ipsum lorem ipsum lorem ipsum lorem ipsum lorem ipsum lorem ipsum lorem ipsum lorem ipsum lorem ipsum lorem ipsum lorem ipsum lorem ipsum lorem ipsum lorem ipsum lorem ipsum lorem ipsum lorem ipsum lorem ipsum lorem ipsum lorem ipsum lorem ipsum lorem ipsum lorem ipsum lorem ipsum lorem ipsum lorem ipsum lorem ipsum lorem ipsum lorem ipsum lorem ipsum lorem ipsum lorem ipsum lorem ipsum lorem ipsum lorem ipsum lorem ipsum lorem ipsum lorem ipsum lorem ipsum lorem ipsum lorem ipsum lorem ipsum lorem ipsum lorem ipsum lorem ipsum lorem ipsum lorem ipsum lorem ipsum lorem ipsum lorem ipsum lorem ipsum lorem ipsum lorem ipsum lorem ipsum lorem ipsum lorem ipsum lorem ipsum lorem ipsum lorem ipsum lorem ipsum lorem ipsum lorem ipsum lorem ipsum lorem ipsum lorem ipsum lorem ipsum lorem ipsum lorem ipsum lorem ipsum lorem ipsum lorem ipsum lorem ipsum lorem ipsum lorem ipsum lorem ipsum lorem ipsum lorem ipsum lorem ipsum lorem ipsum lorem ipsum lorem ipsum lorem ipsum lorem ipsum lorem ipsum lorem ipsum lorem ipsum lorem ipsum lorem ipsum lorem ipsum lorem ipsum lorem ipsum lorem ipsum lorem ipsum lorem ipsum lorem ipsum lorem ipsum lorem ipsum lorem ipsum lorem ipsum lorem ipsum lorem ipsum lorem ipsum lorem ipsum lorem ipsum lorem ipsum lorem ipsum lorem ipsum lorem ipsum lorem ipsum lorem ipsum lorem ipsum lorem ipsum lorem ipsum lorem ipsum lorem ipsum lorem ipsum lorem ipsum lorem ipsum lorem ipsum lorem ipsum lorem ipsum lorem ipsum lorem ipsum lorem ipsum lorem ipsum lorem ipsum lorem ipsum lorem ipsum lorem ipsum lorem ipsum lorem ipsum lorem ipsum lorem ipsum lorem ipsum lorem ipsum lorem ipsum lorem ipsum lorem ipsum lorem ipsum lorem ipsum lorem ipsum lorem ipsum lorem ipsum lorem ipsum lorem ipsum lorem ipsum lorem ipsum lorem ipsum lorem ipsum lorem ipsum lorem ipsum lorem ipsum lorem ipsum lorem ipsum lorem ipsum lorem ipsum lorem ipsum lorem ipsum lorem ipsum lorem ipsum lorem ipsum lorem ipsum lorem ipsum lorem ipsum lorem ipsum lorem ipsum lorem ipsum lorem ipsum lorem ipsum lorem ipsum lorem ipsum lorem ipsum lorem ipsum lorem ipsum lorem ipsum lorem ipsum lorem ipsum lorem ipsum lorem ipsum lorem ipsum lorem ipsum lorem ipsum lorem ipsum lorem ipsum lorem ipsum lorem ipsum lorem ipsum lorem ipsum lorem ipsum lorem ipsum lorem ipsum lorem ipsum lorem ipsum lorem ipsum lorem ipsum lorem ipsum lorem ipsum lorem ipsum lorem ipsum lorem ipsum lorem ipsum lorem ipsum lorem ipsum lorem ipsum lorem ipsum lorem ipsum lorem ipsum lorem ipsum lorem ipsum lorem ipsum lorem ipsum lorem ipsum lorem ipsum lorem ipsum lorem ipsum lorem ipsum lorem ipsum lorem ipsum lorem ipsum lorem ipsum lorem ipsum lorem ipsum lorem ipsum lorem ipsum lorem ipsum lorem ipsum lorem ipsum lorem ipsum lorem ipsum lorem ipsum lorem ipsum lorem ipsum lorem ipsum lorem ipsum lorem ipsum lorem ipsum lorem ipsum lorem ipsum lorem ipsum lorem ipsum lorem ipsum lorem ipsum lorem ipsum lorem ipsum lorem ipsum lorem ipsum lorem ipsum lorem ipsum lorem ipsum lorem ipsum lorem ipsum lorem ipsum lorem ipsum lorem ipsum lorem ipsum lorem ipsum lorem ipsum lorem ipsum lorem ipsum lorem ipsum lorem ipsum lorem ipsum lorem ipsum lorem ipsum lorem ipsum lorem ipsum lorem ipsum lorem ipsum lorem ipsum ,user,2c41365e-606d-4d6b-947c-68ae291da9b1,2025-12-09 21:43:25 +0000,2025-12-09 21:43:25 +0000
10,"{'warnings': {}, 'score': None, 'temperature': None, 'top_k': None, 'tokens': None, 'inference_time': None, 'top_p': None, 'model': 'unknown', 'gpu': None, 'memor_version': '1.0'}",True,Response,"Got it! Your notes are a bit chaotic (lorem ipsum overload 😅), but here’s how to **organize your trip planning efficiently**:

---

### **1. Extract Key Details**
From your notes, I assume you have:
- **Cities:** Paris, Rome, Munich (or others?).
- **Dates:** Rough timeline (e.g., 1 month per country).
- **Priorities:** Budget, flights, must-see attractions.

**Action:** Share the *real* details (e.g., ""Paris 10 days, Rome 15 days...""), and I’ll help structure it.

---

### **2. Quick Fixes for Your Notes**
- **Use bullet points** for clarity:
  ```
  - Flight: Lufthansa $1240 (US → Paris → Rome → Munich → US)
  - Budget: $7200 total
  - Accommodation: Hostels/Airbnb (~$30/night)
  ```
- **Tools:** Try Notion, Google Docs, or a spreadsheet to track costs.

---

### **3. Next Steps**
1. **Book the Lufthansa flight** if the route/dates fit (good price!).
2. **Draft an itinerary** (e.g., ""Week 1: Paris → Week 2: Lyon..."").
3. **Set a daily budget** ($64/day as previously suggested).

---

### **Need Help With?**
- **Itinerary tweaks?** (e.g., more time in Italy?)
- **Accommodation links?** (I can suggest hostels/Airbnbs.)
- **Train passes?** (Eurail vs. point-to-point tickets.)",assistant,012da3cd-c606-4f97-98d1-23b4f55d03ec,2025-12-09 21:42:46 +0000,2025-12-09 21:43:33 +0000
11,"{'warnings': {}, 'responses': [], 'selected_response_index': 0, 'tokens': None, 'template': {'title': 'Basic/Prompt', 'content': '{instruction}{prompt[message]}', 'memor_version': '1.0', 'custom_map': {'instruction': ''}, 'date_created': '2025-12-09 21:42:46 +0000', 'date_modified': '2025-12-09 21:42:46 +0000'}, 'memor_version': '1.0'}",True,Prompt,My passport number is X12345678. Please remind me to renew it.,user,6da40f80-4773-4df6-9a55-16748bfe9c95,2025-12-09 21:43:33 +0000,2025-12-09 21:43:33 +0000
12,"{'warnings': {}, 'score': None, 'temperature': None, 'top_k': None, 'tokens': None, 'inference_time': None, 'top_p': None, 'model': 'unknown', 'gpu': None, 'memor_version': '1.0'}",True,Response,"**⚠️ Important:**
- **Never share your passport number publicly** (even in mock examples). It’s sensitive data.
- **Renewal reminder:** Set a calendar alert **9–12 months before expiration** (many countries require 6+ months validity for travel).

### **How to Renew (US Passport Example)**
1. **Check eligibility:** [US State Dept](https://travel.state.gov) (or your country’s equivalent).
2. **Gather docs:** Old passport, photo, form DS-82 (if renewing by mail).
3. **Cost:** $130 (standard), $60 (expedited).

Need help with your country’s process? Let me know! 🛂",assistant,28919acf-4d48-41e2-964e-9fe17ff3cb32,2025-12-09 21:42:46 +0000,2025-12-09 21:43:39 +0000
13,"{'warnings': {}, 'responses': [], 'selected_response_index': 0, 'tokens': None, 'template': {'title': 'Basic/Prompt', 'content': '{instruction}{prompt[message]}', 'memor_version': '1.0', 'custom_map': {'instruction': ''}, 'date_created': '2025-12-09 21:42:46 +0000', 'date_modified': '2025-12-09 21:42:46 +0000'}, 'memor_version': '1.0'}",True,Prompt,Can you help me create a daily itinerary for France first?,user,880e99b3-73f9-49ec-a988-d7fd69f8e65c,2025-12-09 21:43:39 +0000,2025-12-09 21:43:39 +0000
14,"{'warnings': {}, 'score': None, 'temperature': None, 'top_k': None, 'tokens': None, 'inference_time': None, 'top_p': None, 'model': 'unknown', 'gpu': None, 'memor_version': '1.0'}",True,Response,"Here’s a **balanced 1-month France itinerary** (Paris + highlights), mixing must-sees with local vibes. Adjust based on your pace (e.g., slower = fewer cities).

---

### **Week 1: Paris (7 Days)**
**Day 1-2: Classic Paris**
- **Day 1:** Eiffel Tower (book summit tickets early), Seine cruise, Trocadéro views.
- **Day 2:** Louvre (pre-book tickets), Tuileries Garden, Champs-Élysées, Arc de Triomphe.

**Day 3: Art & History**
- Musée d’Orsay (Impressionists), Saint-Chapelle (stained glass), Île de la Cité.

**Day 4: Montmartre & Local Life**
- Sacré-Cœur, Place du Tertre (artists), Moulin Rouge, Le Marais (falafel at L’As du Fallafel).

**Day 5: Day Trip to Versailles**
- Palace + Gardens (rent a bike or rowboat).

**Day 6: Offbeat Paris**
- Catacombs (book ahead), Luxembourg Gardens, Latin Quarter (Shakespeare & Co. bookstore).

**Day 7: Relax & Explore**
- Père Lachaise Cemetery, Canal Saint-Martin picnic, evening in Belleville.

---

### **Week 2: Loire Valley & Bordeaux (7 Days)**
**Day 8-9: Loire Valley (Châteaux)**
- **Day 8:** Train to Tours → Château de Chenonceau (rent a bike to explore).
- **Day 9:** Château de Chambord, wine tasting in Vouvray, return to Paris.

**Day 10-13: Bordeaux & Wine Country**
- **Day 10:** Train to Bordeaux (2h). Explore Place de la Bourse, Miroir d’Eau.
- **Day 11:** Day trip to Saint-Émilion (wine tour + village).
- **Day 12:** Arcachon (oysters + Dune of Pilat).
- **Day 13:** Return to Paris or fly to Provence.

---

### **Week 3-4: Provence & French Riviera (10 Days)**
**Day 14-16: Provence (Avignon/Aix)**
- **Day 14:** Train to Avignon → Palais des Papes, Pont d’Avignon.
- **Day 15:** Day trip to Pont du Gard + wine tasting in Châteauneuf-du-Pape.
- **Day 16:** Bus to Aix-en-Provence (Cézanne’s studio, markets).

**Day 17-20: French Riviera (Nice/Cannes)**
- **Day 17:** Train to Nice → Promenade des Anglais, Old Town.
- **Day 18:** Day trip to Monaco (casino + palace) or Èze (hiking).
- **Day 19:** Train to Cannes → La Croisette, Île Sainte-Marguerite.
- **Day 20:** Relax in Antibes (Picasso Museum) or Saint-Paul-de-Vence.

**Day 21-23: Marseille & Departure**
- **Day 21:** Train to Marseille → Vieux-Port, MuCEM museum.
- **Day 22:** Calanques National Park (hike or boat tour).
- **Day 23:** Fly/train to Italy (or return to Paris).

---

### **Tips**
- **Transport:** Book TGV trains early (Ouigo for budget options).
- **Budget:** €50–€70/day (hostels, picnics, free walking tours).
- **Flexibility:** Add a ""rest day"" every week (e.g., slow morning in Aix).

Want to swap cities (e.g., Lyon instead of Bordeaux) or focus on food/wine? Let me know!",assistant,b4cc0a8a-7a26-4297-afac-a23bc95b6bec,2025-12-09 21:42:46 +0000,2025-12-09 21:43:57 +0000
